title,views,price
,,
,,
"SanDisk Ultra Dual Drive Go Type C Pendrive for Mobile 128GB, 5Y - SDDDC3-128G-I35,HP FD236W 32GB USB 2.0 Pen Drive (Gray),SanDisk Cruzer Blade 32GB USB Flash Drive,SanDisk Ultra Dual Drive Go Type C Pendrive for Mobile 64GB, 5Y - SDDDC3-064G-I35,SanDisk Ultra Dual 32GB USB 3.0 OTG Pen Drive,SanDisk Ultra Flair 32GB USB 3.0 Pen Drive,Kingston DataTraveler Exodia DTX/32 GB Flash Drive USB 3.2 Gen 1,SanDisk SDDD3-032G-I35GW Ultra Dual 32GB USB 3.0 OTG Pen Drive (Gold),SanDisk SDCZ48-032G-UAM46 Ultra CZ48 32GB USB 3.0 Pen Drive (Black),Pitambari IOKEN Antivirus Premium - Latest Version - 1 PC, 1 Year (Premium) with Pen Drive- Get 50% Off,HP v222w USB Flash Drive 16GB,SanDisk SDCZ430-032G-I35 Ultra Fit 3.1 32GB USB Flash Drive (Black),Strontium Ammo 32GB 2.0 USB Pen Drive (Silver),SanDisk Cruzer Force USB Flash Drive, CZ71 32GB, USB2.0, Durable Metal Casing, 5Y,HP V232w 32GB Pen Drive,Bontech FH221W 64GB USB 2.0 Pen Drive (Silver) (64),HP USB 3.1 Flash Drive 32GB X795w,Cybertronion USB 3.0 Metal pendrive 32 gb for pc and Smartphones Compatible sandisck Ultras flairs","10,843,17,760,120,491,10,843,4,881,766,17,760,71,294,71,294,5,203,293,37,849,17,070,5,1,111,7,401,10,510,169,810,34,642","1,559,424,449,949,549,424,862,589,529,369,579,519,750,539,437,595,499,449,599,450"
,,
,,
"SanDisk Ultra Dual Drive Go Type C Pendrive for Mobile 128GB, 5Y - SDDDC3-128G-I35","10,843","1,559"
,,
"SanDisk Ultra Dual Drive Go Type C Pendrive for Mobile 128GB, 5Y - SDDDC3-128G-I35","10,843","1,559"
,,"1,559"
,,
HP FD236W 32GB USB 2.0 Pen Drive (Gray),"17,760",424
,,
HP FD236W 32GB USB 2.0 Pen Drive (Gray),"17,760",424
,,424
,,
SanDisk Cruzer Blade 32GB USB Flash Drive,"120,491",449
,,
SanDisk Cruzer Blade 32GB USB Flash Drive,"120,491",449
,,449
,,
"SanDisk Ultra Dual Drive Go Type C Pendrive for Mobile 64GB, 5Y - SDDDC3-064G-I35","10,843",949
,,
"SanDisk Ultra Dual Drive Go Type C Pendrive for Mobile 64GB, 5Y - SDDDC3-064G-I35","10,843",949
,,949
,,
,"4,881,766,17,760,71,294","549,424,862"
,,
,"4,881",549
,766,
,"17,760",424
,"71,294",862
SanDisk Ultra Dual 32GB USB 3.0 OTG Pen Drive,"71,294",589
,,
SanDisk Ultra Dual 32GB USB 3.0 OTG Pen Drive,"71,294",589
,,589
,,
SanDisk Ultra Flair 32GB USB 3.0 Pen Drive,"5,203",529
,,
SanDisk Ultra Flair 32GB USB 3.0 Pen Drive,"5,203",529
,,529
,,
Kingston DataTraveler Exodia DTX/32 GB Flash Drive USB 3.2 Gen 1,293,369
,,
Kingston DataTraveler Exodia DTX/32 GB Flash Drive USB 3.2 Gen 1,293,369
,,369
,,
SanDisk SDDD3-032G-I35GW Ultra Dual 32GB USB 3.0 OTG Pen Drive (Gold),"37,849",579
,,
SanDisk SDDD3-032G-I35GW Ultra Dual 32GB USB 3.0 OTG Pen Drive (Gold),"37,849",579
,,579
,,
SanDisk SDCZ48-032G-UAM46 Ultra CZ48 32GB USB 3.0 Pen Drive (Black),"17,070",519
,,
SanDisk SDCZ48-032G-UAM46 Ultra CZ48 32GB USB 3.0 Pen Drive (Black),"17,070",519
,,519
,,
"Pitambari IOKEN Antivirus Premium - Latest Version - 1 PC, 1 Year (Premium) with Pen Drive- Get 50% Off",5,750
,,
"Pitambari IOKEN Antivirus Premium - Latest Version - 1 PC, 1 Year (Premium) with Pen Drive- Get 50% Off",5,750
,,750
,,
HP v222w USB Flash Drive 16GB,"1,111",
,,
HP v222w USB Flash Drive 16GB,"1,111",
,,
,,
SanDisk SDCZ430-032G-I35 Ultra Fit 3.1 32GB USB Flash Drive (Black),"7,401",539
,,
SanDisk SDCZ430-032G-I35 Ultra Fit 3.1 32GB USB Flash Drive (Black),"7,401",539
,,539
,,
Strontium Ammo 32GB 2.0 USB Pen Drive (Silver),"10,510",437
,,
Strontium Ammo 32GB 2.0 USB Pen Drive (Silver),"10,510",437
,,437
,,
"SanDisk Cruzer Force USB Flash Drive, CZ71 32GB, USB2.0, Durable Metal Casing, 5Y",169,595
,,
"SanDisk Cruzer Force USB Flash Drive, CZ71 32GB, USB2.0, Durable Metal Casing, 5Y",169,595
,,595
,,
HP V232w 32GB Pen Drive,810,499
,,
HP V232w 32GB Pen Drive,810,499
,,499
,,
Bontech FH221W 64GB USB 2.0 Pen Drive (Silver) (64),34,449
,,
Bontech FH221W 64GB USB 2.0 Pen Drive (Silver) (64),34,449
,,449
,,
HP USB 3.1 Flash Drive 32GB X795w,642,599
,,
HP USB 3.1 Flash Drive 32GB X795w,642,599
,,599
,,
Cybertronion USB 3.0 Metal pendrive 32 gb for pc and Smartphones Compatible sandisck Ultras flairs,,450
,,
Cybertronion USB 3.0 Metal pendrive 32 gb for pc and Smartphones Compatible sandisck Ultras flairs,,450
,,450
,,
,,
,,
,,
,,
,,
,,
,,
,,
,,
"Portable Shockproof External Hard Drive,SanDisk Ultra Dual Drive Go Type C Pendrive for Mobile 128GB, 5Y - SDDDC3-128G-I35,SanDisk Cruzer Blade 32GB USB Flash Drive,SanDisk Ultra Dual 32GB USB 3.0 OTG Pen Drive,SanDisk Ultra Flair 32GB USB 3.0 Pen Drive,SanDisk SDCZ48-032G-UAM46 Ultra CZ48 32GB USB 3.0 Pen Drive (Black),SanDisk Cruzer Force USB Flash Drive, CZ71 32GB, USB2.0, Durable Metal Casing, 5Y,SanDisk Ultra Dual Drive Go Type C Pendrive for Mobile 32GB, 5Y - SDDDC3-032G-I35,SanDisk SDDD3-032G-I35GW Ultra Dual 32GB USB 3.0 OTG Pen Drive (Gold),SanDisk SDCZ430-032G-I35 Ultra Fit 3.1 32GB USB Flash Drive (Black),Pitambari IOKEN Antivirus Z+ - Get 50% Off,SanDisk Cruzer Blade 32GB USB Flash Drive,SanDisk Ultra Dual Drive Luxe Type C Flash Drive 32GB, 5Y - SDDDC4-032G-I35,Cybertronion USB 2.0 pendrive 32 gb for pc and Smartphones Tablets Compatible sandisck cruzzer Blades,SanDisk Cruzer Blade 16GB USB 2.0 Flash Drive- SDCZ50-016G-AFFP,Cybertronion USB 3.0 Metal pendrive 32 gb for pc and Smartphones Compatible sandisck Ultras flairs,(Renewed) SanDisk Ultra Dual 32GB USB 3.0 OTG Pen Drive,SanDisk Ultra Dual USB Drive 3.1, SDDDC2 32GB, Black, USB 3.1/Type C Reversible Connector, Retractable Design, Type-C OTG-Enabled Android Devices, 5Y,SanDisk Cruzer Orbit Rotating 32GB USB Pen Drive (Black/Chrome)","10,843,120,491,71,294,5,203,17,070,169,10,843,37,849,7,401,5,233,5,333,3,157,40,940,459","1,559,449,589,529,519,595,699,579,539,900,442,879,450,370,450,455,785,649"
"SanDisk Ultra Dual Drive Go Type C Pendrive for Mobile 128GB, 5Y - SDDDC3-128G-I35","10,843","1,559"
,,
"SanDisk Ultra Dual Drive Go Type C Pendrive for Mobile 128GB, 5Y - SDDDC3-128G-I35","10,843","1,559"
,,"1,559"
,,
SanDisk Cruzer Blade 32GB USB Flash Drive,"120,491",449
,,
SanDisk Cruzer Blade 32GB USB Flash Drive,"120,491",449
,,449
,,
SanDisk Ultra Dual 32GB USB 3.0 OTG Pen Drive,"71,294",589
,,
SanDisk Ultra Dual 32GB USB 3.0 OTG Pen Drive,"71,294",589
,,589
,,
SanDisk Ultra Flair 32GB USB 3.0 Pen Drive,"5,203",529
,,
SanDisk Ultra Flair 32GB USB 3.0 Pen Drive,"5,203",529
,,529
,,
SanDisk SDCZ48-032G-UAM46 Ultra CZ48 32GB USB 3.0 Pen Drive (Black),"17,070",519
,,
SanDisk SDCZ48-032G-UAM46 Ultra CZ48 32GB USB 3.0 Pen Drive (Black),"17,070",519
,,519
,,
"SanDisk Cruzer Force USB Flash Drive, CZ71 32GB, USB2.0, Durable Metal Casing, 5Y",169,595
,,
"SanDisk Cruzer Force USB Flash Drive, CZ71 32GB, USB2.0, Durable Metal Casing, 5Y",169,595
,,595
,,
"SanDisk Ultra Dual Drive Go Type C Pendrive for Mobile 32GB, 5Y - SDDDC3-032G-I35","10,843",699
,,
"SanDisk Ultra Dual Drive Go Type C Pendrive for Mobile 32GB, 5Y - SDDDC3-032G-I35","10,843",699
,,699
,,
SanDisk SDDD3-032G-I35GW Ultra Dual 32GB USB 3.0 OTG Pen Drive (Gold),"37,849",579
,,
SanDisk SDDD3-032G-I35GW Ultra Dual 32GB USB 3.0 OTG Pen Drive (Gold),"37,849",579
,,579
,,
SanDisk SDCZ430-032G-I35 Ultra Fit 3.1 32GB USB Flash Drive (Black),"7,401",539
,,
SanDisk SDCZ430-032G-I35 Ultra Fit 3.1 32GB USB Flash Drive (Black),"7,401",539
,,539
,,
Pitambari IOKEN Antivirus Z+ - Get 50% Off,5,900
,,
Pitambari IOKEN Antivirus Z+ - Get 50% Off,5,900
,,900
,,
SanDisk Cruzer Blade 32GB USB Flash Drive,233,442
,,
SanDisk Cruzer Blade 32GB USB Flash Drive,233,442
,,442
,,
"SanDisk Ultra Dual Drive Luxe Type C Flash Drive 32GB, 5Y - SDDDC4-032G-I35","5,333",879
,,
"SanDisk Ultra Dual Drive Luxe Type C Flash Drive 32GB, 5Y - SDDDC4-032G-I35","5,333",879
,,879
,,
Cybertronion USB 2.0 pendrive 32 gb for pc and Smartphones Tablets Compatible sandisck cruzzer Blades,,450
,,
Cybertronion USB 2.0 pendrive 32 gb for pc and Smartphones Tablets Compatible sandisck cruzzer Blades,,450
,,450
,,
SanDisk Cruzer Blade 16GB USB 2.0 Flash Drive- SDCZ50-016G-AFFP,3,370
,,
SanDisk Cruzer Blade 16GB USB 2.0 Flash Drive- SDCZ50-016G-AFFP,3,370
,,370
,,
Cybertronion USB 3.0 Metal pendrive 32 gb for pc and Smartphones Compatible sandisck Ultras flairs,,450
,,
Cybertronion USB 3.0 Metal pendrive 32 gb for pc and Smartphones Compatible sandisck Ultras flairs,,450
,,450
,,
(Renewed) SanDisk Ultra Dual 32GB USB 3.0 OTG Pen Drive,157,455
,,
(Renewed) SanDisk Ultra Dual 32GB USB 3.0 OTG Pen Drive,157,455
,,455
,,
"SanDisk Ultra Dual USB Drive 3.1, SDDDC2 32GB, Black, USB 3.1/Type C Reversible Connector, Retractable Design, Type-C OTG-Enabled Android Devices, 5Y","40,940",785
,,
"SanDisk Ultra Dual USB Drive 3.1, SDDDC2 32GB, Black, USB 3.1/Type C Reversible Connector, Retractable Design, Type-C OTG-Enabled Android Devices, 5Y","40,940",785
,,785
,,
SanDisk Cruzer Orbit Rotating 32GB USB Pen Drive (Black/Chrome),459,649
,,
SanDisk Cruzer Orbit Rotating 32GB USB Pen Drive (Black/Chrome),459,649
,,649
,,
,,
,,
,,
,,
,,
,,
,,
,,
,,
"Portable Shockproof External Hard Drive,Sony USM32BA2 OTG 32GB Pen Drive (Silver),Sony 32GB USB 2.0 Pen Drive (White),Sony MicroVault 32GB USB Pen Drive (Black),HP FD236W 32GB USB 2.0 Pen Drive (Gray),SanDisk Cruzer Blade 32GB USB Flash Drive,SanDisk Ultra Dual 32GB USB 3.0 OTG Pen Drive,HP v222w USB Flash Drive 64GB,HP V232w 32GB Pen Drive,SanDisk Ultra Dual Drive Go Type C Pendrive for Mobile 128GB, 5Y - SDDDC3-128G-I35,Pitambari IOKEN Antivirus Premium - Latest Version - 1 PC, 1 Year (Premium) with Pen Drive- Get 50% Off,Sony 64GB USB Metal Pendrive (Silver),Strontium Ammo 32GB 2.0 USB Pen Drive (Silver),Kingston DataTraveler Exodia DTX/32 GB Flash Drive USB 3.2 Gen 1,HP x765w 32GB USB 3.0 Pen Drive,SanDisk SDCZ48-032G-UAM46 Ultra CZ48 32GB USB 3.0 Pen Drive (Black),HP HPFD302M 32GB OTG Flash Drive (Sliver),SanDisk Ultra Flair 32GB USB 3.0 Pen Drive,JPW Mobile Accessories USB Flash Drive Pendrive (Silver) (64GB)","1,543,276,247,17,760,120,491,71,294,1,112,810,10,843,5,223,10,510,293,4,881,17,070,4,823,5,203,233","985,424,449,589,818,499,1,559,750,769,437,369,549,519,725,529,599"
Sony USM32BA2 OTG 32GB Pen Drive (Silver),"1,543",985
,,
Sony USM32BA2 OTG 32GB Pen Drive (Silver),"1,543",985
,,985
,,
Sony 32GB USB 2.0 Pen Drive (White),276,
,,
Sony 32GB USB 2.0 Pen Drive (White),276,
,,
,,
Sony MicroVault 32GB USB Pen Drive (Black),247,
,,
Sony MicroVault 32GB USB Pen Drive (Black),247,
,,
,,
HP FD236W 32GB USB 2.0 Pen Drive (Gray),"17,760",424
,,
HP FD236W 32GB USB 2.0 Pen Drive (Gray),"17,760",424
,,424
,,
SanDisk Cruzer Blade 32GB USB Flash Drive,"120,491",449
,,
SanDisk Cruzer Blade 32GB USB Flash Drive,"120,491",449
,,449
,,
SanDisk Ultra Dual 32GB USB 3.0 OTG Pen Drive,"71,294",589
,,
SanDisk Ultra Dual 32GB USB 3.0 OTG Pen Drive,"71,294",589
,,589
,,
HP v222w USB Flash Drive 64GB,"1,112",818
,,
HP v222w USB Flash Drive 64GB,"1,112",818
,,818
,,
HP V232w 32GB Pen Drive,810,499
,,
HP V232w 32GB Pen Drive,810,499
,,499
,,
"SanDisk Ultra Dual Drive Go Type C Pendrive for Mobile 128GB, 5Y - SDDDC3-128G-I35","10,843","1,559"
,,
"SanDisk Ultra Dual Drive Go Type C Pendrive for Mobile 128GB, 5Y - SDDDC3-128G-I35","10,843","1,559"
,,"1,559"
,,
"Pitambari IOKEN Antivirus Premium - Latest Version - 1 PC, 1 Year (Premium) with Pen Drive- Get 50% Off",5,750
,,
"Pitambari IOKEN Antivirus Premium - Latest Version - 1 PC, 1 Year (Premium) with Pen Drive- Get 50% Off",5,750
,,750
,,
Sony 64GB USB Metal Pendrive (Silver),223,769
,,
Sony 64GB USB Metal Pendrive (Silver),223,769
,,769
,,
Strontium Ammo 32GB 2.0 USB Pen Drive (Silver),"10,510",437
,,
Strontium Ammo 32GB 2.0 USB Pen Drive (Silver),"10,510",437
,,437
,,
Kingston DataTraveler Exodia DTX/32 GB Flash Drive USB 3.2 Gen 1,293,369
,,
Kingston DataTraveler Exodia DTX/32 GB Flash Drive USB 3.2 Gen 1,293,369
,,369
,,
HP x765w 32GB USB 3.0 Pen Drive,"4,881",549
,,
HP x765w 32GB USB 3.0 Pen Drive,"4,881",549
,,549
,,
SanDisk SDCZ48-032G-UAM46 Ultra CZ48 32GB USB 3.0 Pen Drive (Black),"17,070",519
,,
SanDisk SDCZ48-032G-UAM46 Ultra CZ48 32GB USB 3.0 Pen Drive (Black),"17,070",519
,,519
,,
HP HPFD302M 32GB OTG Flash Drive (Sliver),"4,823",725
,,
HP HPFD302M 32GB OTG Flash Drive (Sliver),"4,823",725
,,725
,,
SanDisk Ultra Flair 32GB USB 3.0 Pen Drive,"5,203",529
,,
SanDisk Ultra Flair 32GB USB 3.0 Pen Drive,"5,203",529
,,529
,,
JPW Mobile Accessories USB Flash Drive Pendrive (Silver) (64GB),233,599
,,
JPW Mobile Accessories USB Flash Drive Pendrive (Silver) (64GB),233,599
,,599
,,
,,
,,
,,
,,
,,
,,
,,
,,
,,
"SanDisk Ultra Dual Drive Go Type C Pendrive for Mobile 128GB, 5Y - SDDDC3-128G-I35,SanDisk Ultra Dual 64GB USB 3.0 OTG Pen Drive,HP v236w 64GB USB 2.0 Pen Drive,SanDisk Ultra Flair 64GB USB 3.0 Pen Drive,SanDisk Ultra Dual Drive Go Type C Pendrive for Mobile 64GB, 5Y - SDDDC3-064G-I35,SanDisk Ultra (SDCZ48-064G-135/SDCZ48-064G-UAM46) USB 3.0 Pen Drive (Black),Bontech FH221W 64GB USB 2.0 Pen Drive (Silver) (64),SanDisk Ultra Dual 64GB USB 3.0 OTG Pen Drive (Gold),USB 3.1 Flash Drive 64GB x740w,Pitambari IOKEN Antivirus Premium - Latest Version - 1 PC, 1 Year (Premium) with Pen Drive- Get 50% Off,SanDisk Ultra SDDDC2-064G-I35 64 GB Pen Drives (Black, Silver),SanDisk SDCZ430-064G-I35 Ultra Fit 3.1 64GB USB Flash Drive (Black),Sony 64GB USB Metal Pendrive (Silver),Cybertronion USB 2.0 Pen Drive 64 gb for pc and Smartphones Compatible sandisck,Sandisk Cruzer Force 64 GB USB Pen Drive,HP v222w USB Flash Drive 64GB,USB 2.0 Flash Drive 64GB v165w,SanDisk Cruzer Blade 32GB USB Flash Drive","10,843,71,294,17,760,5,203,642,699,2,994,4,823,10,843,17,070,34,37,838,11,338,5,40,945,7,401,223,331,1,112,795,120,491","1,559,862,774,789,1,172,909,825,1,190,949,749,449,918,974,750,979,769,769,699,821,818,629,449"
"SanDisk Ultra Dual Drive Go Type C Pendrive for Mobile 128GB, 5Y - SDDDC3-128G-I35","10,843","1,559"
,,
"SanDisk Ultra Dual Drive Go Type C Pendrive for Mobile 128GB, 5Y - SDDDC3-128G-I35","10,843","1,559"
,,"1,559"
,,
SanDisk Ultra Dual 64GB USB 3.0 OTG Pen Drive,"71,294",862
,,
SanDisk Ultra Dual 64GB USB 3.0 OTG Pen Drive,"71,294",862
,,862
,,
HP v236w 64GB USB 2.0 Pen Drive,"17,760",774
,,
HP v236w 64GB USB 2.0 Pen Drive,"17,760",774
,,774
,,
SanDisk Ultra Flair 64GB USB 3.0 Pen Drive,"5,203",789
,,
SanDisk Ultra Flair 64GB USB 3.0 Pen Drive,"5,203",789
,,789
,,
,"642,699,2,994,4,823","1,172,909,825,1,190"
,,
,642,"1,172"
,699,909
,"2,994",825
,"4,823","1,190"
"SanDisk Ultra Dual Drive Go Type C Pendrive for Mobile 64GB, 5Y - SDDDC3-064G-I35","10,843",949
,,
"SanDisk Ultra Dual Drive Go Type C Pendrive for Mobile 64GB, 5Y - SDDDC3-064G-I35","10,843",949
,,949
,,
SanDisk Ultra (SDCZ48-064G-135/SDCZ48-064G-UAM46) USB 3.0 Pen Drive (Black),"17,070",749
,,
SanDisk Ultra (SDCZ48-064G-135/SDCZ48-064G-UAM46) USB 3.0 Pen Drive (Black),"17,070",749
,,749
,,
Bontech FH221W 64GB USB 2.0 Pen Drive (Silver) (64),34,449
,,
Bontech FH221W 64GB USB 2.0 Pen Drive (Silver) (64),34,449
,,449
,,
SanDisk Ultra Dual 64GB USB 3.0 OTG Pen Drive (Gold),"37,838",918
,,
SanDisk Ultra Dual 64GB USB 3.0 OTG Pen Drive (Gold),"37,838",918
,,918
,,
USB 3.1 Flash Drive 64GB x740w,"11,338",974
,,
USB 3.1 Flash Drive 64GB x740w,"11,338",974
,,974
,,
"Pitambari IOKEN Antivirus Premium - Latest Version - 1 PC, 1 Year (Premium) with Pen Drive- Get 50% Off",5,750
,,
"Pitambari IOKEN Antivirus Premium - Latest Version - 1 PC, 1 Year (Premium) with Pen Drive- Get 50% Off",5,750
,,750
,,
"SanDisk Ultra SDDDC2-064G-I35 64 GB Pen Drives (Black, Silver)","40,945",979
,,
"SanDisk Ultra SDDDC2-064G-I35 64 GB Pen Drives (Black, Silver)","40,945",979
,,979
,,
SanDisk SDCZ430-064G-I35 Ultra Fit 3.1 64GB USB Flash Drive (Black),"7,401",769
,,
SanDisk SDCZ430-064G-I35 Ultra Fit 3.1 64GB USB Flash Drive (Black),"7,401",769
,,769
,,
Sony 64GB USB Metal Pendrive (Silver),223,769
,,
Sony 64GB USB Metal Pendrive (Silver),223,769
,,769
,,
Cybertronion USB 2.0 Pen Drive 64 gb for pc and Smartphones Compatible sandisck,,699
,,
Cybertronion USB 2.0 Pen Drive 64 gb for pc and Smartphones Compatible sandisck,,699
,,699
,,
Sandisk Cruzer Force 64 GB USB Pen Drive,331,821
,,
Sandisk Cruzer Force 64 GB USB Pen Drive,331,821
,,821
,,
HP v222w USB Flash Drive 64GB,"1,112",818
,,
HP v222w USB Flash Drive 64GB,"1,112",818
,,818
,,
USB 2.0 Flash Drive 64GB v165w,795,629
,,
USB 2.0 Flash Drive 64GB v165w,795,629
,,629
,,
SanDisk Cruzer Blade 32GB USB Flash Drive,"120,491",449
,,
SanDisk Cruzer Blade 32GB USB Flash Drive,"120,491",449
,,449
,,
,,
,,
,,
,,
,,
,,
,,
,,
,,
"SanDisk Ultra Dual Drive Go Type C Pendrive for Mobile 128GB, 5Y - SDDDC3-128G-I35,SanDisk Ultra Dual Drive Go Type C Pendrive for Mobile 64GB, 5Y - SDDDC3-064G-I35,SanDisk Ultra Dual Drive Luxe Type C Flash Drive 64GB, 5Y - SDDDC4-064G-I35,Strontium Nitro Plus 64GB Type-C USB 3.1 Flash Drive - OTG Mobile Pen Drive,SanDisk Ultra SDDDC2-064G-I35 64 GB Pen Drives (Black, Silver),HP X304M Type C OTG Flash Drive 64GB,SanDisk Ultra Dual 64GB USB 3.0 OTG Pen Drive,Kingston DataTraveler Duo 64GB USB-A and USB-C Dual Connector Flash Drive DTDE/64GB,SANDISK SDDDC2-064G-A46 SanDisk Ultra(R) Dual Drive USB-C(TM) Flash Drive (64GB),Pitambari IOKEN Antivirus Z+ - Get 50% Off,HP X5000 USB Flash Drive HP 128GB Type C OTG,Flash Disk, U Disk Fast Data Transfer with Micro Type‑C Adapter for Window2003/XP/Vista/7/8/10/OS X/Linux Software for Man(64GB),Honorall USB Flash Drive USB3.0 Type-C Mini Portable U Disk 64GB Pendrives Pen Drive Silver for Phone PC Laptop,RAOYI 64GB Dual Drive USB 3.0 Type C Flash Drive OTG USB C Thumb Drive Memory Stick Pen Drive Jump Drive for USB-C Phones Computers, Silver,SanDisk Ultra 64GB Dual Drive m3.0 for Android Devices and Computers,Kingston DataTraveler 80 64GB USB Type-C Flash Drive (DT80/64GB), Metal,Tooarts CU31 64GB High Speed Metal USB Flash Drive USB3.0 Type-C Dual-Purpose U Disk for Type-C Smart Phone PC Laptop,HP HPFD302M 32GB OTG Flash Drive (Sliver),Brands related to your search","10,843,10,843,5,333,2,842,71,294,4,823,2,728,1,974,40,945,1,974,71,294,6,67,5,26,588,5,329,4,823","1,559,949,1,099,1,020,589,725,644,1,210,979,1,210,862,958,1,113,900,2,302,759,5,289,898,1,026,3,899,725"
"SanDisk Ultra Dual Drive Go Type C Pendrive for Mobile 128GB, 5Y - SDDDC3-128G-I35","10,843","1,559"
,,
"SanDisk Ultra Dual Drive Go Type C Pendrive for Mobile 128GB, 5Y - SDDDC3-128G-I35","10,843","1,559"
,,"1,559"
,,
"SanDisk Ultra Dual Drive Go Type C Pendrive for Mobile 64GB, 5Y - SDDDC3-064G-I35","10,843",949
,,
"SanDisk Ultra Dual Drive Go Type C Pendrive for Mobile 64GB, 5Y - SDDDC3-064G-I35","10,843",949
,,949
,,
"SanDisk Ultra Dual Drive Luxe Type C Flash Drive 64GB, 5Y - SDDDC4-064G-I35","5,333","1,099"
,,
"SanDisk Ultra Dual Drive Luxe Type C Flash Drive 64GB, 5Y - SDDDC4-064G-I35","5,333","1,099"
,,"1,099"
,,
Strontium Nitro Plus 64GB Type-C USB 3.1 Flash Drive - OTG Mobile Pen Drive,"2,842","1,020"
,,
Strontium Nitro Plus 64GB Type-C USB 3.1 Flash Drive - OTG Mobile Pen Drive,"2,842","1,020"
,,"1,020"
,,
,"71,294,4,823,2,728,1,974","589,725,644,1,210"
,,
,"71,294",589
,"4,823",725
,"2,728",644
,"1,974","1,210"
"SanDisk Ultra SDDDC2-064G-I35 64 GB Pen Drives (Black, Silver)","40,945",979
,,
"SanDisk Ultra SDDDC2-064G-I35 64 GB Pen Drives (Black, Silver)","40,945",979
,,979
,,
HP X304M Type C OTG Flash Drive 64GB,"1,974","1,210"
,,
HP X304M Type C OTG Flash Drive 64GB,"1,974","1,210"
,,"1,210"
,,
SanDisk Ultra Dual 64GB USB 3.0 OTG Pen Drive,"71,294",862
,,
SanDisk Ultra Dual 64GB USB 3.0 OTG Pen Drive,"71,294",862
,,862
,,
Kingston DataTraveler Duo 64GB USB-A and USB-C Dual Connector Flash Drive DTDE/64GB,6,958
,,
Kingston DataTraveler Duo 64GB USB-A and USB-C Dual Connector Flash Drive DTDE/64GB,6,958
,,958
,,
SANDISK SDDDC2-064G-A46 SanDisk Ultra(R) Dual Drive USB-C(TM) Flash Drive (64GB),67,"1,113"
,,
SANDISK SDDDC2-064G-A46 SanDisk Ultra(R) Dual Drive USB-C(TM) Flash Drive (64GB),67,"1,113"
,,"1,113"
,,
Pitambari IOKEN Antivirus Z+ - Get 50% Off,5,900
,,
Pitambari IOKEN Antivirus Z+ - Get 50% Off,5,900
,,900
,,
HP X5000 USB Flash Drive HP 128GB Type C OTG,26,"2,302"
,,
HP X5000 USB Flash Drive HP 128GB Type C OTG,26,"2,302"
,,"2,302"
,,
"Flash Disk, U Disk Fast Data Transfer with Micro Type‑C Adapter for Window2003/XP/Vista/7/8/10/OS X/Linux Software for Man(64GB)",,759
,,
"Flash Disk, U Disk Fast Data Transfer with Micro Type‑C Adapter for Window2003/XP/Vista/7/8/10/OS X/Linux Software for Man(64GB)",,759
,,759
,,
Honorall USB Flash Drive USB3.0 Type-C Mini Portable U Disk 64GB Pendrives Pen Drive Silver for Phone PC Laptop,,"5,289"
,,
Honorall USB Flash Drive USB3.0 Type-C Mini Portable U Disk 64GB Pendrives Pen Drive Silver for Phone PC Laptop,,"5,289"
,,"5,289"
,,
"RAOYI 64GB Dual Drive USB 3.0 Type C Flash Drive OTG USB C Thumb Drive Memory Stick Pen Drive Jump Drive for USB-C Phones Computers, Silver",588,
,,
"RAOYI 64GB Dual Drive USB 3.0 Type C Flash Drive OTG USB C Thumb Drive Memory Stick Pen Drive Jump Drive for USB-C Phones Computers, Silver",588,
,,
,,
SanDisk Ultra 64GB Dual Drive m3.0 for Android Devices and Computers,"5,329",898
,,
SanDisk Ultra 64GB Dual Drive m3.0 for Android Devices and Computers,"5,329",898
,,898
,,
"Kingston DataTraveler 80 64GB USB Type-C Flash Drive (DT80/64GB), Metal",,"1,026"
,,
"Kingston DataTraveler 80 64GB USB Type-C Flash Drive (DT80/64GB), Metal",,"1,026"
,,"1,026"
,,
Tooarts CU31 64GB High Speed Metal USB Flash Drive USB3.0 Type-C Dual-Purpose U Disk for Type-C Smart Phone PC Laptop,,"3,899"
,,
Tooarts CU31 64GB High Speed Metal USB Flash Drive USB3.0 Type-C Dual-Purpose U Disk for Type-C Smart Phone PC Laptop,,"3,899"
,,"3,899"
,,
HP HPFD302M 32GB OTG Flash Drive (Sliver),"4,823",725
,,
HP HPFD302M 32GB OTG Flash Drive (Sliver),"4,823",725
,,725
,,
,,
,,
,,
,,
"Super Fast Flexible Charging Cables,Pitambari IOKEN Antivirus Premium - Latest Version - 1 PC, 1 Year (Premium) with Pen Drive- Get 50% Off,HP FD236W 32GB USB 2.0 Pen Drive (Gray),SanDisk Ultra (SDCZ48-064G-135/SDCZ48-064G-UAM46) USB 3.0 Pen Drive (Black),SanDisk SDDD3-032G-I35GW Ultra Dual 32GB USB 3.0 OTG Pen Drive (Gold),USB 2.0 Flash Drive 64GB v165w,Strontium Ammo 32GB 2.0 USB Pen Drive (Silver),HP v222w USB Flash Drive 64GB,HP X5000 32GB Type-C + A OTG USB 3.1 Metallic Swivel Flash Drive,Negaor CU31 64GB High Speed Metal USB Flash Drive USB3.0 Type-C Dual-Purpose U Disk for Type-C Smart Phone PC Laptop,leizhan 64GB USB Flash Drive for Android Phone,USB 3.0 Type C Memory Stick for Samsung Galaxy S10,S9, Note 9, S8, S8 Plus, XiaoMi 6, Google Pixel XL, Blue,Honorall CU31 64GB High Speed Metal USB Flash Drive USB3.0 Type-C Dual-Purpose U Disk for Type-C Smart Phone PC Laptop,Negaor FU68 64GB USB Flash Drive Type-C USB3.0 Dual-Port Metal Fingerprint Encryption U Disk for Smart Phone PC Laptop,Tektikon Swivel USB Flash Drive Type-C Thumb Drives Pendrive Memory Sticks for Computer 64 GB,SanDisk Ultra Flair 64GB USB 3.0 Pen Drive,USB Flash Drive Decdeal USB3.0 Type-C Mini Portable U Disk 64GB Pendrives Pen Drive Silver for Phone PC Laptop,JPW Mobile Accessories USB Flash Drive Pendrive (Silver) (64GB),KALSAN 64GB USB Flash Drive, Type C Dual USB Disk(USB-A 3.0/Type C 3.0), High Speed 64GB Thumb Drive USB Pen Stick for Type C Smartphones, Tablets, PC, New MacBook-Blue,Brands related to your search","5,17,760,17,070,37,849,795,10,510,1,112,94,1,219,5,203,233","499,.,199,.,349,.,750,424,749,579,629,437,818,929,4,707,4,029,5,990,789,3,125,599,2,732"
"Pitambari IOKEN Antivirus Premium - Latest Version - 1 PC, 1 Year (Premium) with Pen Drive- Get 50% Off",5,750
,,
"Pitambari IOKEN Antivirus Premium - Latest Version - 1 PC, 1 Year (Premium) with Pen Drive- Get 50% Off",5,750
,,750
,,
HP FD236W 32GB USB 2.0 Pen Drive (Gray),"17,760",424
,,
HP FD236W 32GB USB 2.0 Pen Drive (Gray),"17,760",424
,,424
,,
SanDisk Ultra (SDCZ48-064G-135/SDCZ48-064G-UAM46) USB 3.0 Pen Drive (Black),"17,070",749
,,
SanDisk Ultra (SDCZ48-064G-135/SDCZ48-064G-UAM46) USB 3.0 Pen Drive (Black),"17,070",749
,,749
,,
SanDisk SDDD3-032G-I35GW Ultra Dual 32GB USB 3.0 OTG Pen Drive (Gold),"37,849",579
,,
SanDisk SDDD3-032G-I35GW Ultra Dual 32GB USB 3.0 OTG Pen Drive (Gold),"37,849",579
,,579
,,
USB 2.0 Flash Drive 64GB v165w,795,629
,,
USB 2.0 Flash Drive 64GB v165w,795,629
,,629
,,
Strontium Ammo 32GB 2.0 USB Pen Drive (Silver),"10,510",437
,,
Strontium Ammo 32GB 2.0 USB Pen Drive (Silver),"10,510",437
,,437
,,
HP v222w USB Flash Drive 64GB,"1,112",818
,,
HP v222w USB Flash Drive 64GB,"1,112",818
,,818
,,
HP X5000 32GB Type-C + A OTG USB 3.1 Metallic Swivel Flash Drive,94,929
,,
HP X5000 32GB Type-C + A OTG USB 3.1 Metallic Swivel Flash Drive,94,929
,,929
,,
Negaor CU31 64GB High Speed Metal USB Flash Drive USB3.0 Type-C Dual-Purpose U Disk for Type-C Smart Phone PC Laptop,,"4,707"
,,
Negaor CU31 64GB High Speed Metal USB Flash Drive USB3.0 Type-C Dual-Purpose U Disk for Type-C Smart Phone PC Laptop,,"4,707"
,,"4,707"
,,
"leizhan 64GB USB Flash Drive for Android Phone,USB 3.0 Type C Memory Stick for Samsung Galaxy S10,S9, Note 9, S8, S8 Plus, XiaoMi 6, Google Pixel XL, Blue","1,219",
,,
"leizhan 64GB USB Flash Drive for Android Phone,USB 3.0 Type C Memory Stick for Samsung Galaxy S10,S9, Note 9, S8, S8 Plus, XiaoMi 6, Google Pixel XL, Blue","1,219",
,,
,,
Honorall CU31 64GB High Speed Metal USB Flash Drive USB3.0 Type-C Dual-Purpose U Disk for Type-C Smart Phone PC Laptop,,"4,029"
,,
Honorall CU31 64GB High Speed Metal USB Flash Drive USB3.0 Type-C Dual-Purpose U Disk for Type-C Smart Phone PC Laptop,,"4,029"
,,"4,029"
,,
Negaor FU68 64GB USB Flash Drive Type-C USB3.0 Dual-Port Metal Fingerprint Encryption U Disk for Smart Phone PC Laptop,,
,,
Negaor FU68 64GB USB Flash Drive Type-C USB3.0 Dual-Port Metal Fingerprint Encryption U Disk for Smart Phone PC Laptop,,
,,
,,
Tektikon Swivel USB Flash Drive Type-C Thumb Drives Pendrive Memory Sticks for Computer 64 GB,,"5,990"
,,
Tektikon Swivel USB Flash Drive Type-C Thumb Drives Pendrive Memory Sticks for Computer 64 GB,,"5,990"
,,"5,990"
,,
SanDisk Ultra Flair 64GB USB 3.0 Pen Drive,"5,203",789
,,
SanDisk Ultra Flair 64GB USB 3.0 Pen Drive,"5,203",789
,,789
,,
USB Flash Drive Decdeal USB3.0 Type-C Mini Portable U Disk 64GB Pendrives Pen Drive Silver for Phone PC Laptop,,"3,125"
,,
USB Flash Drive Decdeal USB3.0 Type-C Mini Portable U Disk 64GB Pendrives Pen Drive Silver for Phone PC Laptop,,"3,125"
,,"3,125"
,,
JPW Mobile Accessories USB Flash Drive Pendrive (Silver) (64GB),233,599
,,
JPW Mobile Accessories USB Flash Drive Pendrive (Silver) (64GB),233,599
,,599
,,
"KALSAN 64GB USB Flash Drive, Type C Dual USB Disk(USB-A 3.0/Type C 3.0), High Speed 64GB Thumb Drive USB Pen Stick for Type C Smartphones, Tablets, PC, New MacBook-Blue",,"2,732"
,,
"KALSAN 64GB USB Flash Drive, Type C Dual USB Disk(USB-A 3.0/Type C 3.0), High Speed 64GB Thumb Drive USB Pen Stick for Type C Smartphones, Tablets, PC, New MacBook-Blue",,"2,732"
,,"2,732"
,,
,,
,,
,,
,,
"Latest books on Computer Programming,Maxone Flash Drive USB Type C Both 3.1 Tech - 2 in 1 Dual Drive Memory Stick High Speed OTG for Android Smartphone Computer, MacBook, Chromebook Pixel (64GB),USB 3.1 Flash Drive 32GB x740w,SanDisk 128GB Ultra Dual Drive Luxe USB Type-C - SDDDC4-128G-G46,Elegant Essence Swivel USB Flash Drive Type-C Thumb Drives Pendrive Memory Sticks for Computer 64 GB,Phenovo USB Flash Drives Swivel Design Thumb Drive Memory Stick TYPE-C for Laptop 64GB,HP USB 3.1 Flash Drive 32GB X795w,Evalue Swivel USB Flash Drive Type-C Thumb Drives Pendrive Memory Sticks for Computer 64 GB,Gigastone 64GB USB Flash Drive USB 3.0 Type C OTG Dual Port Memory Stick for Smartphone Apple MacBook Tablet Ultrabook Notebook Laptop PC Dell HP Lenovo Asus Acer Samsung Google LG,SanDisk Cruzer Blade SDCZ50-128G-I35 USB 2.0 128GB Pen Drive (Red and Black),IJARP Swivel USB Flash Drive Type-C Thumb Drives Pendrive Memory Sticks for Computer 64 GB,FU68 64GB USB Flash Drive Type-C USB3.0 Dual-Port Metal Fingerprint Encryption U Disk for Smart Phone PC Laptop,Street27 Swivel USB Flash Drive Type-C Thumb Drives Pendrive Memory Sticks for Computer 64 GB,Anbau Swivel USB Flash Drive Type-C Thumb Drives Pendrive Memory Sticks for Computer 64 GB,USB 3.1 Flash Drive 64GB x770w,Big Shoppe Store Swivel USB Flash Drive Type-C Thumb Drives Pendrive Memory Sticks for Computer 64 GB,A-DATA UV360 64 GB USB 3.2 Flash Drive,Brands related to your search","11,338,8,642,19,120,491,21,46","780,2,195,5,691,599,5,391,1,189,5,391,5,391,909,4,642,715"
"Maxone Flash Drive USB Type C Both 3.1 Tech - 2 in 1 Dual Drive Memory Stick High Speed OTG for Android Smartphone Computer, MacBook, Chromebook Pixel (64GB)",,
,,
"Maxone Flash Drive USB Type C Both 3.1 Tech - 2 in 1 Dual Drive Memory Stick High Speed OTG for Android Smartphone Computer, MacBook, Chromebook Pixel (64GB)",,
,,
,,
USB 3.1 Flash Drive 32GB x740w,"11,338",780
,,
USB 3.1 Flash Drive 32GB x740w,"11,338",780
,,780
,,
SanDisk 128GB Ultra Dual Drive Luxe USB Type-C - SDDDC4-128G-G46,8,"2,195"
,,
SanDisk 128GB Ultra Dual Drive Luxe USB Type-C - SDDDC4-128G-G46,8,"2,195"
,,"2,195"
,,
Elegant Essence Swivel USB Flash Drive Type-C Thumb Drives Pendrive Memory Sticks for Computer 64 GB,,"5,691"
,,
Elegant Essence Swivel USB Flash Drive Type-C Thumb Drives Pendrive Memory Sticks for Computer 64 GB,,"5,691"
,,"5,691"
,,
Phenovo USB Flash Drives Swivel Design Thumb Drive Memory Stick TYPE-C for Laptop 64GB,,
,,
Phenovo USB Flash Drives Swivel Design Thumb Drive Memory Stick TYPE-C for Laptop 64GB,,
,,
,,
HP USB 3.1 Flash Drive 32GB X795w,642,599
,,
HP USB 3.1 Flash Drive 32GB X795w,642,599
,,599
,,
Evalue Swivel USB Flash Drive Type-C Thumb Drives Pendrive Memory Sticks for Computer 64 GB,,"5,391"
,,
Evalue Swivel USB Flash Drive Type-C Thumb Drives Pendrive Memory Sticks for Computer 64 GB,,"5,391"
,,"5,391"
,,
Gigastone 64GB USB Flash Drive USB 3.0 Type C OTG Dual Port Memory Stick for Smartphone Apple MacBook Tablet Ultrabook Notebook Laptop PC Dell HP Lenovo Asus Acer Samsung Google LG,19,
,,
Gigastone 64GB USB Flash Drive USB 3.0 Type C OTG Dual Port Memory Stick for Smartphone Apple MacBook Tablet Ultrabook Notebook Laptop PC Dell HP Lenovo Asus Acer Samsung Google LG,19,
,,
,,
SanDisk Cruzer Blade SDCZ50-128G-I35 USB 2.0 128GB Pen Drive (Red and Black),"120,491","1,189"
,,
SanDisk Cruzer Blade SDCZ50-128G-I35 USB 2.0 128GB Pen Drive (Red and Black),"120,491","1,189"
,,"1,189"
,,
IJARP Swivel USB Flash Drive Type-C Thumb Drives Pendrive Memory Sticks for Computer 64 GB,,"5,391"
,,
IJARP Swivel USB Flash Drive Type-C Thumb Drives Pendrive Memory Sticks for Computer 64 GB,,"5,391"
,,"5,391"
,,
FU68 64GB USB Flash Drive Type-C USB3.0 Dual-Port Metal Fingerprint Encryption U Disk for Smart Phone PC Laptop,,
,,
FU68 64GB USB Flash Drive Type-C USB3.0 Dual-Port Metal Fingerprint Encryption U Disk for Smart Phone PC Laptop,,
,,
,,
Street27 Swivel USB Flash Drive Type-C Thumb Drives Pendrive Memory Sticks for Computer 64 GB,,"5,391"
,,
Street27 Swivel USB Flash Drive Type-C Thumb Drives Pendrive Memory Sticks for Computer 64 GB,,"5,391"
,,"5,391"
,,
Anbau Swivel USB Flash Drive Type-C Thumb Drives Pendrive Memory Sticks for Computer 64 GB,,
,,
Anbau Swivel USB Flash Drive Type-C Thumb Drives Pendrive Memory Sticks for Computer 64 GB,,
,,
,,
USB 3.1 Flash Drive 64GB x770w,21,909
,,
USB 3.1 Flash Drive 64GB x770w,21,909
,,909
,,
Big Shoppe Store Swivel USB Flash Drive Type-C Thumb Drives Pendrive Memory Sticks for Computer 64 GB,,"4,642"
,,
Big Shoppe Store Swivel USB Flash Drive Type-C Thumb Drives Pendrive Memory Sticks for Computer 64 GB,,"4,642"
,,"4,642"
,,
A-DATA UV360 64 GB USB 3.2 Flash Drive,46,715
,,
A-DATA UV360 64 GB USB 3.2 Flash Drive,46,715
,,715
,,
,,
,,
,,
,,
"Tooarts USB Flash Drive USB3.0 Type-C Mini Portable U Disk 64GB Pendrives Pen Drive Silver for Phone PC Laptop,HP USB 3.1 Flash Drive 64GB 796W,Kawn Swivel USB Flash Drive Type-C Thumb Drives Pendrive Memory Sticks for Computer 64 GB,HP x765w 64GB USB 3.0 Pen Drive,100yellow Credit Card Pendrive, 32GB(Multicolour),HP USB 3.1 Flash Drive 64GB X760L,SanDisk Ultra Flair 64GB USB 3.0 Pen Drive,Strontium 32GB USB and 32GB Nitro MicroSD 85MBPS- Pack of 2,SanDisk 64GB Ultra Dual Drive Luxe USB Type-C - SDDDC4-064G-G46,Swivel USB Flash Drive Type-C Thumb Drives Pendrive Memory Sticks for Computer 64 GB,Flash Disk, Plug and Play U Disk for Window2003/XP/Vista/7/8/10/OS X/Linux Software for Man(64GB),WANSENDA 3 in 1 OTG USB Flash Drive USB 3.0/3.1 & Type-C & Micro USB Memory Stick (64GB, Red),Strontium Pollex 64GB Flash Drive (Black/Red),SanDisk Ultra USB Type-C 32GB Flash Drive,SanDisk SDCZ430-064G-I35 Ultra Fit 3.1 64GB USB Flash Drive (Black),JPZ BONTECH WORLD'S FIRST CHOICE High Speed Flash Drive 16GB Pendrive with 100 % Seller Warranty ( Made in India ) Silver Color Pendrive for Office Work , Computer , Laptop etc .,Brands related to your search","3,234,4,881,97,97,21,189,209,584,245,5,7,401,4","5,159,1,045,5,990,809,799,929,861,649,549,895,1,035,769,330"
Tooarts USB Flash Drive USB3.0 Type-C Mini Portable U Disk 64GB Pendrives Pen Drive Silver for Phone PC Laptop,,"5,159"
,,
Tooarts USB Flash Drive USB3.0 Type-C Mini Portable U Disk 64GB Pendrives Pen Drive Silver for Phone PC Laptop,,"5,159"
,,"5,159"
,,
HP USB 3.1 Flash Drive 64GB 796W,"3,234","1,045"
,,
HP USB 3.1 Flash Drive 64GB 796W,"3,234","1,045"
,,"1,045"
,,
Kawn Swivel USB Flash Drive Type-C Thumb Drives Pendrive Memory Sticks for Computer 64 GB,,"5,990"
,,
Kawn Swivel USB Flash Drive Type-C Thumb Drives Pendrive Memory Sticks for Computer 64 GB,,"5,990"
,,"5,990"
,,
HP x765w 64GB USB 3.0 Pen Drive,"4,881",809
,,
HP x765w 64GB USB 3.0 Pen Drive,"4,881",809
,,809
,,
"100yellow Credit Card Pendrive, 32GB(Multicolour)",97,799
,,
"100yellow Credit Card Pendrive, 32GB(Multicolour)",97,799
,,799
,,
HP USB 3.1 Flash Drive 64GB X760L,97,929
,,
HP USB 3.1 Flash Drive 64GB X760L,97,929
,,929
,,
SanDisk Ultra Flair 64GB USB 3.0 Pen Drive,"21,189",861
,,
SanDisk Ultra Flair 64GB USB 3.0 Pen Drive,"21,189",861
,,861
,,
Strontium 32GB USB and 32GB Nitro MicroSD 85MBPS- Pack of 2,209,649
,,
Strontium 32GB USB and 32GB Nitro MicroSD 85MBPS- Pack of 2,209,649
,,649
,,
SanDisk 64GB Ultra Dual Drive Luxe USB Type-C - SDDDC4-064G-G46,584,
,,
SanDisk 64GB Ultra Dual Drive Luxe USB Type-C - SDDDC4-064G-G46,584,
,,
,,
Swivel USB Flash Drive Type-C Thumb Drives Pendrive Memory Sticks for Computer 64 GB,,
,,
Swivel USB Flash Drive Type-C Thumb Drives Pendrive Memory Sticks for Computer 64 GB,,
,,
,,
"Flash Disk, Plug and Play U Disk for Window2003/XP/Vista/7/8/10/OS X/Linux Software for Man(64GB)",,549
,,
"Flash Disk, Plug and Play U Disk for Window2003/XP/Vista/7/8/10/OS X/Linux Software for Man(64GB)",,549
,,549
,,
"WANSENDA 3 in 1 OTG USB Flash Drive USB 3.0/3.1 & Type-C & Micro USB Memory Stick (64GB, Red)",245,
,,
"WANSENDA 3 in 1 OTG USB Flash Drive USB 3.0/3.1 & Type-C & Micro USB Memory Stick (64GB, Red)",245,
,,
,,
Strontium Pollex 64GB Flash Drive (Black/Red),,895
,,
Strontium Pollex 64GB Flash Drive (Black/Red),,895
,,895
,,
SanDisk Ultra USB Type-C 32GB Flash Drive,5,"1,035"
,,
SanDisk Ultra USB Type-C 32GB Flash Drive,5,"1,035"
,,"1,035"
,,
SanDisk SDCZ430-064G-I35 Ultra Fit 3.1 64GB USB Flash Drive (Black),"7,401",769
,,
SanDisk SDCZ430-064G-I35 Ultra Fit 3.1 64GB USB Flash Drive (Black),"7,401",769
,,769
,,
"JPZ BONTECH WORLD'S FIRST CHOICE High Speed Flash Drive 16GB Pendrive with 100 % Seller Warranty ( Made in India ) Silver Color Pendrive for Office Work , Computer , Laptop etc .",4,330
,,
"JPZ BONTECH WORLD'S FIRST CHOICE High Speed Flash Drive 16GB Pendrive with 100 % Seller Warranty ( Made in India ) Silver Color Pendrive for Office Work , Computer , Laptop etc .",4,330
,,330
,,
,,
,,
,,
,,
"Super Fast Flexible Charging Cables,Kingston DataTraveler Exodia DTX/64 GB Flash Drive USB 3.2 Gen 1,HP v152w 32GB USB 2.0 Pen Drive,Pen Drive, Plug and Play Support Mobile Phone OTG U Disk for Window2003/XP/Vista/7/8/10/OS X/Linux Software(64GB),USB C Flash Drive, Dolomy 64GB Type C Flash Drive(USB-A 3.0/USB-C 3.0), High Speed Dual USB Memory Stick Thumb Drive for USB-C Smartphones, Tablets, PC, MacBook Pro/Air,Samsung Duo Plus 256GB Type-C 400MB/s USB 3.1 Flash Drive (MUF-256DB),Sanfeya 64GB USB 3.0 Type C Dual OTG Flash Drive USB C Thumb Drive Memory Stick for USB-C Smartphones, MacBook & Tablets, Samsung Galaxy S8, S8 Plus, Note 8, LG G6, V30, Google Pixel XL,House Of Sensation Drive HD 32gb USB Flash Drive Compitable for iPhone - Set of 1,JPZ BONTECH WORLD'S FIRST CHOICE FH221W 32GB USB 2.0 Pen Drive (Silver),Strontium Ammo 64GB 3.0 USB Pen Drive (Silver),Strontium Ammo 3.1 64 GB USB Flsh Drive (Silver),USB C Flash Drive, DISAIN 64GB USB 3.1 Type C Flash Drive, 2 in 1 OTG USB C to USB A Dual Jump Drive, Durable Metal USB C Memory Stick Thumb Drive for MacBook Pro/Air, Galaxy, Pixel,Strontium Ammo 16GB 2.0 USB Pen Drive (Silver),U Disk, Flash Disk Support Mobile Phone OTG Portable and Practical with Micro Type‑C Adapter for Window2003/XP/Vista/7/8/10/OS X/Linux Software for Man(64GB),Strontium Nitro 32Gb One OTG 3.1 150 MBPS (Dark Grey),64GB USB C Flash Drive DISAIN 2 in 1 OTG USB 3.1 + USB C Thumb Drive Durable Metal Type C Flash Drive for USB C Smartphones, Tablets, PC,SRB Flash Drive 32GB External OTG Flash Drive Compitable for Apple Products iPhone/iPad Air/iPod - Set of 1,Brands related to your search","293,3,443,109,297,3,26,97,699,77,2,751,2,728,299,2","499,.,199,.,349,.,739,625,739,3,271,3,828,1,199,395,1,344,909,485,644,999"
Kingston DataTraveler Exodia DTX/64 GB Flash Drive USB 3.2 Gen 1,293,739
,,
Kingston DataTraveler Exodia DTX/64 GB Flash Drive USB 3.2 Gen 1,293,739
,,739
,,
HP v152w 32GB USB 2.0 Pen Drive,"3,443",625
,,
HP v152w 32GB USB 2.0 Pen Drive,"3,443",625
,,625
,,
"Pen Drive, Plug and Play Support Mobile Phone OTG U Disk for Window2003/XP/Vista/7/8/10/OS X/Linux Software(64GB)",,739
,,
"Pen Drive, Plug and Play Support Mobile Phone OTG U Disk for Window2003/XP/Vista/7/8/10/OS X/Linux Software(64GB)",,739
,,739
,,
"USB C Flash Drive, Dolomy 64GB Type C Flash Drive(USB-A 3.0/USB-C 3.0), High Speed Dual USB Memory Stick Thumb Drive for USB-C Smartphones, Tablets, PC, MacBook Pro/Air",109,
,,
"USB C Flash Drive, Dolomy 64GB Type C Flash Drive(USB-A 3.0/USB-C 3.0), High Speed Dual USB Memory Stick Thumb Drive for USB-C Smartphones, Tablets, PC, MacBook Pro/Air",109,
,,
,,
Samsung Duo Plus 256GB Type-C 400MB/s USB 3.1 Flash Drive (MUF-256DB),297,"3,271"
,,
Samsung Duo Plus 256GB Type-C 400MB/s USB 3.1 Flash Drive (MUF-256DB),297,"3,271"
,,"3,271"
,,
"Sanfeya 64GB USB 3.0 Type C Dual OTG Flash Drive USB C Thumb Drive Memory Stick for USB-C Smartphones, MacBook & Tablets, Samsung Galaxy S8, S8 Plus, Note 8, LG G6, V30, Google Pixel XL",,"3,828"
,,
"Sanfeya 64GB USB 3.0 Type C Dual OTG Flash Drive USB C Thumb Drive Memory Stick for USB-C Smartphones, MacBook & Tablets, Samsung Galaxy S8, S8 Plus, Note 8, LG G6, V30, Google Pixel XL",,"3,828"
,,"3,828"
,,
House Of Sensation Drive HD 32gb USB Flash Drive Compitable for iPhone - Set of 1,3,"1,199"
,,
House Of Sensation Drive HD 32gb USB Flash Drive Compitable for iPhone - Set of 1,3,"1,199"
,,"1,199"
,,
JPZ BONTECH WORLD'S FIRST CHOICE FH221W 32GB USB 2.0 Pen Drive (Silver),26,395
,,
JPZ BONTECH WORLD'S FIRST CHOICE FH221W 32GB USB 2.0 Pen Drive (Silver),26,395
,,395
,,
Strontium Ammo 64GB 3.0 USB Pen Drive (Silver),97,"1,344"
,,
Strontium Ammo 64GB 3.0 USB Pen Drive (Silver),97,"1,344"
,,"1,344"
,,
Strontium Ammo 3.1 64 GB USB Flsh Drive (Silver),699,909
,,
Strontium Ammo 3.1 64 GB USB Flsh Drive (Silver),699,909
,,909
,,
"USB C Flash Drive, DISAIN 64GB USB 3.1 Type C Flash Drive, 2 in 1 OTG USB C to USB A Dual Jump Drive, Durable Metal USB C Memory Stick Thumb Drive for MacBook Pro/Air, Galaxy, Pixel",77,
,,
"USB C Flash Drive, DISAIN 64GB USB 3.1 Type C Flash Drive, 2 in 1 OTG USB C to USB A Dual Jump Drive, Durable Metal USB C Memory Stick Thumb Drive for MacBook Pro/Air, Galaxy, Pixel",77,
,,
,,
Strontium Ammo 16GB 2.0 USB Pen Drive (Silver),"2,751",485
,,
Strontium Ammo 16GB 2.0 USB Pen Drive (Silver),"2,751",485
,,485
,,
"U Disk, Flash Disk Support Mobile Phone OTG Portable and Practical with Micro Type‑C Adapter for Window2003/XP/Vista/7/8/10/OS X/Linux Software for Man(64GB)",,
,,
"U Disk, Flash Disk Support Mobile Phone OTG Portable and Practical with Micro Type‑C Adapter for Window2003/XP/Vista/7/8/10/OS X/Linux Software for Man(64GB)",,
,,
,,
Strontium Nitro 32Gb One OTG 3.1 150 MBPS (Dark Grey),"2,728",644
,,
Strontium Nitro 32Gb One OTG 3.1 150 MBPS (Dark Grey),"2,728",644
,,644
,,
"64GB USB C Flash Drive DISAIN 2 in 1 OTG USB 3.1 + USB C Thumb Drive Durable Metal Type C Flash Drive for USB C Smartphones, Tablets, PC",299,
,,
"64GB USB C Flash Drive DISAIN 2 in 1 OTG USB 3.1 + USB C Thumb Drive Durable Metal Type C Flash Drive for USB C Smartphones, Tablets, PC",299,
,,
,,
SRB Flash Drive 32GB External OTG Flash Drive Compitable for Apple Products iPhone/iPad Air/iPod - Set of 1,2,999
,,
SRB Flash Drive 32GB External OTG Flash Drive Compitable for Apple Products iPhone/iPad Air/iPod - Set of 1,2,999
,,999
,,
,,
,,
,,
,,
"Latest books on Computer Programming,Gigastone V10 64GB USB2.0 Flash Drive 64GB Flash Drive Thumb Drive Memory Stick Pen Drive Capless Retractable Design,leizhan 64GB OTG USB Flash Drive for Samsung Galaxy S7/S6/S5/S4/S3/Xiaomi/Meizu/HTC/Nokia/Moto/Huawei, Micro-USB 3.0 Phone Stick, Black,Gigastone Z60 64GB USB 3.1 Flash Drive, Ultra High Speed Pen Drive, Capless Retractable Design Thumb Drive, USB 2.0 / USB 3.0 Interface Compatible,SanDisk 2-in-1 Ultra Dual 256GB Pendrive with Type-C and Type-A Connectors USB 3.1-inch, High-Speed Performance 150 MB/s for Mobile, Tablets and Computers (Black, Silver),Elitech RC-51H PDF USB Temperature and Humidity Data Logger Reusable Recorder,Kingston DataTraveler 70 128GB Portable and Lightweight USB-C flashdrive with USB 3.2 Gen 1 speeds DT70/128GB,Adata UV250 64GB USB 2.0 Metal Pen Drive,J.P.W JPW w236 16GB Ultra Fast Drive (Silver),Silicon Power C80 64GB Type-C Swivel Dual Flash Drive (Silver),Strontium Nitro128Gb One OTG 3.1 150 MBPS (Grey),Strontium Ammo 64GB 2.0 USB Pen Drive (Silver),HP USB 2.0 Flash Drive 64GB v295w,Bontech FH221W 16GB USB 2.0 Pen Drive (Silver) (16),SanDisk SDDD3-016G-G46 16GB Dual Drive m3.0 for OTG Enabled Smartphones,Samsung Duo Plus 128GB - 300MB/s USB 3.1 Flash Drive (MUF-128DB/AM),100Yellow® Albert Einstein Design Printed Pen Drive Memory Stick Pendrive -16 Gb,Brands related to your search","26,64,1,688,30,5,75,943,5,114,63,8,315,34,964,4","3,890,1,419,740,399,1,749,994,871,350,595,4,798,549"
Gigastone V10 64GB USB2.0 Flash Drive 64GB Flash Drive Thumb Drive Memory Stick Pen Drive Capless Retractable Design,26,
,,
Gigastone V10 64GB USB2.0 Flash Drive 64GB Flash Drive Thumb Drive Memory Stick Pen Drive Capless Retractable Design,26,
,,
,,
"leizhan 64GB OTG USB Flash Drive for Samsung Galaxy S7/S6/S5/S4/S3/Xiaomi/Meizu/HTC/Nokia/Moto/Huawei, Micro-USB 3.0 Phone Stick, Black",64,
,,
"leizhan 64GB OTG USB Flash Drive for Samsung Galaxy S7/S6/S5/S4/S3/Xiaomi/Meizu/HTC/Nokia/Moto/Huawei, Micro-USB 3.0 Phone Stick, Black",64,
,,
,,
"Gigastone Z60 64GB USB 3.1 Flash Drive, Ultra High Speed Pen Drive, Capless Retractable Design Thumb Drive, USB 2.0 / USB 3.0 Interface Compatible","1,688",
,,
"Gigastone Z60 64GB USB 3.1 Flash Drive, Ultra High Speed Pen Drive, Capless Retractable Design Thumb Drive, USB 2.0 / USB 3.0 Interface Compatible","1,688",
,,
,,
"SanDisk 2-in-1 Ultra Dual 256GB Pendrive with Type-C and Type-A Connectors USB 3.1-inch, High-Speed Performance 150 MB/s for Mobile, Tablets and Computers (Black, Silver)",30,"3,890"
,,
"SanDisk 2-in-1 Ultra Dual 256GB Pendrive with Type-C and Type-A Connectors USB 3.1-inch, High-Speed Performance 150 MB/s for Mobile, Tablets and Computers (Black, Silver)",30,"3,890"
,,"3,890"
,,
Elitech RC-51H PDF USB Temperature and Humidity Data Logger Reusable Recorder,5,
,,
Elitech RC-51H PDF USB Temperature and Humidity Data Logger Reusable Recorder,5,
,,
,,
Kingston DataTraveler 70 128GB Portable and Lightweight USB-C flashdrive with USB 3.2 Gen 1 speeds DT70/128GB,75,"1,419"
,,
Kingston DataTraveler 70 128GB Portable and Lightweight USB-C flashdrive with USB 3.2 Gen 1 speeds DT70/128GB,75,"1,419"
,,"1,419"
,,
Adata UV250 64GB USB 2.0 Metal Pen Drive,943,740
,,
Adata UV250 64GB USB 2.0 Metal Pen Drive,943,740
,,740
,,
J.P.W JPW w236 16GB Ultra Fast Drive (Silver),5,399
,,
J.P.W JPW w236 16GB Ultra Fast Drive (Silver),5,399
,,399
,,
Silicon Power C80 64GB Type-C Swivel Dual Flash Drive (Silver),114,
,,
Silicon Power C80 64GB Type-C Swivel Dual Flash Drive (Silver),114,
,,
,,
Strontium Nitro128Gb One OTG 3.1 150 MBPS (Grey),63,"1,749"
,,
Strontium Nitro128Gb One OTG 3.1 150 MBPS (Grey),63,"1,749"
,,"1,749"
,,
Strontium Ammo 64GB 2.0 USB Pen Drive (Silver),8,994
,,
Strontium Ammo 64GB 2.0 USB Pen Drive (Silver),8,994
,,994
,,
HP USB 2.0 Flash Drive 64GB v295w,315,871
,,
HP USB 2.0 Flash Drive 64GB v295w,315,871
,,871
,,
Bontech FH221W 16GB USB 2.0 Pen Drive (Silver) (16),34,350
,,
Bontech FH221W 16GB USB 2.0 Pen Drive (Silver) (16),34,350
,,350
,,
SanDisk SDDD3-016G-G46 16GB Dual Drive m3.0 for OTG Enabled Smartphones,964,595
,,
SanDisk SDDD3-016G-G46 16GB Dual Drive m3.0 for OTG Enabled Smartphones,964,595
,,595
,,
Samsung Duo Plus 128GB - 300MB/s USB 3.1 Flash Drive (MUF-128DB/AM),,"4,798"
,,
Samsung Duo Plus 128GB - 300MB/s USB 3.1 Flash Drive (MUF-128DB/AM),,"4,798"
,,"4,798"
,,
100Yellow® Albert Einstein Design Printed Pen Drive Memory Stick Pendrive -16 Gb,4,549
,,
100Yellow® Albert Einstein Design Printed Pen Drive Memory Stick Pendrive -16 Gb,4,549
,,549
,,
,,
,,
,,
,,
"IT Solutions 8GB Wrist Band Shape Fancy Design Pen Drive,HP HPFD301W 16GB USB Flash Drive,100Yellow® 32Gb Credit Card Shape USB Flash Drive, Ganpati Printed Pen Drive Memory Stick Pendrive,Strontium Nitro64Gb One OTG 3.1 150 MBPS (Grey),SanDisk Ultra CZ48 128GB USB 3.0 Pen Drive (Black),HP v236w 64GB USB 2.0 Pen Drive,Kingston DataTraveler DTMC3 64GB USB 3.0 Flash Drive (Silver),SanDisk Ultra 64GB USB Pen Drive,SanDisk 1TB Ultra Dual Drive Luxe USB Type-C - SDDDC4-1T00-G46,PNY Elite 256GB USB 3.1 Gen 1 Type-C Flash Drive – P-FD256ELTC-GE,SanDisk Dual Drive 128GB USB OTG Pen Drive,SanDisk 64GB iXpand Flash Drive Luxe for iPhone, Type-C Android Phone & Other Devices (SDIX70N-064G-GN6NN),SanDisk Ultra Dual USB Drive 3.0, SDDD2 64GB, USB3.0, Black, USB3.0/Micro-USB Connector, OTG-Enabled Android Devices,USB C Metal Flash Drive 2 in 1 USB C to USB A 3.0 Dual Thumb Drive with Keychain 128 GB Type c Memory Stick Jump Drive for Computer, MacBook,Samsung Galaxy and Other USB-C Devices by MOSDART,Leef iBridge 3 128 GB External iOS Memory for Apple iPhone or iPad (Black),iStorage datAshur Pro 256 Bit 64 GB USB 3.0 Flash Drive,Brands related to your search","11,1,361,8,254,23,622,7,5,637,118,55,806,225,13,987,82,61,74","529,477,799,1,400,903,14,600,2,470,3,608,12,990,14,990"
IT Solutions 8GB Wrist Band Shape Fancy Design Pen Drive,11,529
,,
IT Solutions 8GB Wrist Band Shape Fancy Design Pen Drive,11,529
,,529
,,
HP HPFD301W 16GB USB Flash Drive,"1,361",477
,,
HP HPFD301W 16GB USB Flash Drive,"1,361",477
,,477
,,
"100Yellow® 32Gb Credit Card Shape USB Flash Drive, Ganpati Printed Pen Drive Memory Stick Pendrive",8,799
,,
"100Yellow® 32Gb Credit Card Shape USB Flash Drive, Ganpati Printed Pen Drive Memory Stick Pendrive",8,799
,,799
,,
Strontium Nitro64Gb One OTG 3.1 150 MBPS (Grey),254,
,,
Strontium Nitro64Gb One OTG 3.1 150 MBPS (Grey),254,
,,
,,
SanDisk Ultra CZ48 128GB USB 3.0 Pen Drive (Black),"23,622","1,400"
,,
SanDisk Ultra CZ48 128GB USB 3.0 Pen Drive (Black),"23,622","1,400"
,,"1,400"
,,
HP v236w 64GB USB 2.0 Pen Drive,7,
,,
HP v236w 64GB USB 2.0 Pen Drive,7,
,,
,,
Kingston DataTraveler DTMC3 64GB USB 3.0 Flash Drive (Silver),5,
,,
Kingston DataTraveler DTMC3 64GB USB 3.0 Flash Drive (Silver),5,
,,
,,
SanDisk Ultra 64GB USB Pen Drive,637,903
,,
SanDisk Ultra 64GB USB Pen Drive,637,903
,,903
,,
SanDisk 1TB Ultra Dual Drive Luxe USB Type-C - SDDDC4-1T00-G46,118,"14,600"
,,
SanDisk 1TB Ultra Dual Drive Luxe USB Type-C - SDDDC4-1T00-G46,118,"14,600"
,,"14,600"
,,
PNY Elite 256GB USB 3.1 Gen 1 Type-C Flash Drive – P-FD256ELTC-GE,55,
,,
PNY Elite 256GB USB 3.1 Gen 1 Type-C Flash Drive – P-FD256ELTC-GE,55,
,,
,,
SanDisk Dual Drive 128GB USB OTG Pen Drive,806,"2,470"
,,
SanDisk Dual Drive 128GB USB OTG Pen Drive,806,"2,470"
,,"2,470"
,,
"SanDisk 64GB iXpand Flash Drive Luxe for iPhone, Type-C Android Phone & Other Devices (SDIX70N-064G-GN6NN)",225,"3,608"
,,
"SanDisk 64GB iXpand Flash Drive Luxe for iPhone, Type-C Android Phone & Other Devices (SDIX70N-064G-GN6NN)",225,"3,608"
,,"3,608"
,,
"SanDisk Ultra Dual USB Drive 3.0, SDDD2 64GB, USB3.0, Black, USB3.0/Micro-USB Connector, OTG-Enabled Android Devices","13,987",
,,
"SanDisk Ultra Dual USB Drive 3.0, SDDD2 64GB, USB3.0, Black, USB3.0/Micro-USB Connector, OTG-Enabled Android Devices","13,987",
,,
,,
"USB C Metal Flash Drive 2 in 1 USB C to USB A 3.0 Dual Thumb Drive with Keychain 128 GB Type c Memory Stick Jump Drive for Computer, MacBook,Samsung Galaxy and Other USB-C Devices by MOSDART",82,
,,
"USB C Metal Flash Drive 2 in 1 USB C to USB A 3.0 Dual Thumb Drive with Keychain 128 GB Type c Memory Stick Jump Drive for Computer, MacBook,Samsung Galaxy and Other USB-C Devices by MOSDART",82,
,,
,,
Leef iBridge 3 128 GB External iOS Memory for Apple iPhone or iPad (Black),61,"12,990"
,,
Leef iBridge 3 128 GB External iOS Memory for Apple iPhone or iPad (Black),61,"12,990"
,,"12,990"
,,
iStorage datAshur Pro 256 Bit 64 GB USB 3.0 Flash Drive,74,"14,990"
,,
iStorage datAshur Pro 256 Bit 64 GB USB 3.0 Flash Drive,74,"14,990"
,,"14,990"
,,
,,
,,
,,
,,
"Super Fast Flexible Charging Cables,SanDisk Ultra USB Type-CTM 128GB Flash Drive (SDCZ450-128G-G46),Leef iBridge 3 64 GB Flash Drive for iOS (Black Zinc),SanDisk Extreme Pro 256GB USB 3.1 Flash Drive (Black),Brands related to your search","582,226,7,393","499,.,199,.,349,.,4,443,9,214"
SanDisk Ultra USB Type-CTM 128GB Flash Drive (SDCZ450-128G-G46),582,
,,
SanDisk Ultra USB Type-CTM 128GB Flash Drive (SDCZ450-128G-G46),582,
,,
,,
Leef iBridge 3 64 GB Flash Drive for iOS (Black Zinc),226,"4,443"
,,
Leef iBridge 3 64 GB Flash Drive for iOS (Black Zinc),226,"4,443"
,,"4,443"
,,
SanDisk Extreme Pro 256GB USB 3.1 Flash Drive (Black),"7,393","9,214"
,,
SanDisk Extreme Pro 256GB USB 3.1 Flash Drive (Black),"7,393","9,214"
,,"9,214"
,,
,,
,,
